USE mydb;
-- INSERT NEW PATIENTS
INSERT INTO PATIENTS VALUES ('990087','Pword12','Tony','Hawk','556677');
INSERT INTO PATIENTS VALUES ('157788','ShredTheGnar','Shawn','White','442369');
INSERT INTO PATIENTS VALUES ('444444','TerribleGoalie','Carey','Price','668790');
-- INSERT NEW STAFF
INSERT INTO STAFF VALUES ('123456','Password','1234','Joe','Smith','10','ADMIN');
INSERT INTO STAFF VALUES ('558312','P4sSw0Rd','3779','Jane','Smith','20000','NURSE');
INSERT INTO STAFF VALUES ('883299','DocsPass','1000','Doc','Brown','100000','DOCTOR');
INSERT INTO STAFF VALUES ('677856','Pass123','6677','Name','Lname','45000','ADMIN');
INSERT INTO STAFF VALUES ('558552','IlikePuppies','4566','Joe','Schmoe','37300','NURSE');
INSERT INTO STAFF VALUES ('882229','Apples','1040','Tim','Burton','200000','DOCTOR');
INSERT INTO STAFF VALUES ('000004','Green','0619','Joel','Mouse','800000','NURSE');
-- INSERT NEW WARDS
INSERT INTO WARD VALUES ('1','Emergency');
INSERT INTO WARD VALUES ('8','Recovery');
-- INSERT ROOMS
INSERT INTO ROOMS VALUES ('1337','Emergency A','1');
INSERT INTO ROOMS VALUES ('2245','Recovery B','8');
-- INSERT NURSES
INSERT INTO NURSE VALUES ('558312','8');
INSERT INTO NURSE VALUES ('558552','1');
INSERT INTO NURSE VALUES ('000004','1');
-- INSERT NEW EQUIPMENT
INSERT INTO EQUIPMENT VALUES ('111112','Xray machine','Xray A','1337');
INSERT INTO EQUIPMENT VALUES ('000001','Computer','Computer 6','1337');
INSERT INTO EQUIPMENT VALUES ('225509','Scalpel','Scalpel 225509','1337');
INSERT INTO EQUIPMENT VALUES ('111113','MRI Machine','MRI C','2245');
INSERT INTO EQUIPMENT VALUES ('000002','Computer','Computer 8','2245');
INSERT INTO EQUIPMENT VALUES ('557211','Scalpel','Scalpel 557211','2245');
-- INSERT NEW MEDICINE
INSERT INTO MEDICINE VALUES ('44233','Advil','Pill');
INSERT INTO MEDICINE VALUES ('33333','Tylenol','Pill');
INSERT INTO MEDICINE VALUES ('99800','Morphine','Pill');
INSERT INTO MEDICINE VALUES ('55479','Naftifine','Gel');
-- INSERT NEW DOCTOR
INSERT INTO DOCTOR VALUES ('883299','0',NULL);
INSERT INTO DOCTOR VALUES ('882229','1','Cardiologist');
-- INSERT NEW ADMIN
INSERT INTO ADMIN VALUES ('677856','1');
INSERT INTO ADMIN VALUES ('123456','3');
-- INSERT NEW BED
INSERT INTO BED VALUES ('1335','1');
INSERT INTO BED VALUES ('1336','1');
INSERT INTO BED VALUES ('1337','1');
INSERT INTO BED VALUES ('1226','8');
INSERT INTO BED VALUES ('1224','8');
-- INSERT NEW APPOINTMENT
INSERT INTO APPOINTMENT VALUES ('990087','12:00:00','2019-11-29','Broken Back','883299');
INSERT INTO APPOINTMENT VALUES ('990087','13:00:00','2019-11-29','Broken leg','883299');
INSERT INTO APPOINTMENT VALUES ('157788','12:00:00','2019-11-29','Broken wrist','882229');
INSERT INTO APPOINTMENT VALUES ('157788','14:00:00','2019-11-29','Cough','882229');
INSERT INTO APPOINTMENT VALUES ('990087','12:00:00','2019-12-25','Mental health','883299');
INSERT INTO APPOINTMENT VALUES ('157788','12:00:00','2019-12-25','Broken Back','882229');
-- INSERT NEW DOCTOR_DEGREES
INSERT INTO DOCTOR_DEGREES VALUES ('883299','PhD Medicine');
INSERT INTO DOCTOR_DEGREES VALUES ('883299','Undergrad CPSC');
INSERT INTO DOCTOR_DEGREES VALUES ('882229','PhD Medicine');
-- INSERT NEW NURSES_CERTIFICATION
INSERT INTO NURSES_CERTIFICATION VALUES ('558312','SAIT Certification');
INSERT INTO NURSES_CERTIFICATION VALUES ('558552','NAIT Certification');
INSERT INTO NURSES_CERTIFICATION VALUES ('000004','Undergrad Nursing');
-- INSERT NEW PRESCRIBED
INSERT INTO PRESCRIBED VALUES ('990087','883299','44233','2 PILLS','EVERY 12 HRS','1');
INSERT INTO PRESCRIBED VALUES ('990087','883299','99800','1 PILL','AS NEEDED, NO MORE THAN 1 A DAY','0');
INSERT INTO PRESCRIBED VALUES ('157788','883299','44233','2 PILLS','EVERY 12 HRS','1');
INSERT INTO PRESCRIBED VALUES ('157788','883299','33333','2 PILLS','EVERY 12 HRS','1');
INSERT INTO PRESCRIBED VALUES ('444444','882229','44233','2 PILLS','EVERY 12 HRS','0');
-- INSERT NEW DOCTOR_IS_IN_WARD
INSERT INTO DOCTOR_IS_IN_WARD VALUES ('883299','1');
INSERT INTO DOCTOR_IS_IN_WARD VALUES ('883299','8');
INSERT INTO DOCTOR_IS_IN_WARD VALUES ('882229','8');
-- INSERT NEW PATIENT_IS_IN_ROOM
INSERT INTO PATIENT_IS_IN_ROOM VALUES ('990087','1337');
INSERT INTO PATIENT_IS_IN_ROOM VALUES ('157788','1337');
INSERT INTO PATIENT_IS_IN_ROOM VALUES ('444444','2245');
-- INSERT NEW PATIENT_IS_IN_WARD
INSERT INTO PATIENT_IS_IN_WARD VALUES ('990087','1');
INSERT INTO PATIENT_IS_IN_WARD VALUES ('157788','8');
INSERT INTO PATIENT_IS_IN_WARD VALUES ('444444','8');
